날짜,시가,고가,저가,종가,거래량,거래대금,상장시가총액,return,volatility
2024-10-02,2566.55,2591.61,2555.46,2561.69,351004351,9607877432678,2091253055072237,0.0,0.0
2024-10-04,2563.7,2585.59,2555.57,2569.71,414328553,10016557160951,2097299169852461,0.003130745718646688,0.002213771527825824
2024-10-07,2579.2,2611.93,2561.46,2610.38,343671145,10378943872137,2129898509102692,0.015826688614668516,0.008381254950578202
2024-10-08,2592.65,2601.96,2581.79,2594.36,318240024,9168276247124,2116186427772118,-0.006137037519441613,0.009253075653699181
2024-10-10,2611.65,2613.61,2596.86,2599.16,618559988,13867594373662,2118769902148872,0.0018501672859587703,0.00803627556085701
2024-10-11,2612.02,2621.93,2594.43,2596.91,491276237,9548436311434,2116899470457183,-0.0008656642915403356,0.007353350546624578
2024-10-14,2602.63,2628.54,2602.63,2623.29,401705670,8525414408760,2138449589891613,0.010158226507657186,0.0073402755375531715
2024-10-15,2632.37,2635.32,2615.47,2633.45,438292799,10054355841679,2147319522898363,0.003872999172794378,0.006797634226304837
2024-10-16,2606.7,2622.33,2601.35,2610.36,437552776,10053097319299,2129276601242486,-0.008767965976190784,0.007556362122819972
2024-10-17,2620.74,2622.71,2603.52,2609.3,331265227,9953645240876,2127416627409576,-0.00040607425795669005,0.007168804594740749
2024-10-18,2616.04,2618.32,2587.96,2593.82,265201103,8274853556430,2115279710372210,-0.005932625608400688,0.007195959921381818
2024-10-21,2600.77,2618.71,2594.05,2604.92,240675023,7757213527460,2124505397404487,0.004279402579978608,0.006920024040913734
2024-10-22,2600.87,2604.16,2564.46,2570.7,343318170,8958061448792,2096600928094997,-0.013136679821261432,0.007758229486986854
2024-10-23,2575.25,2607.79,2567.42,2599.62,352421162,9430154792746,2120697375665930,0.011249854125335634,0.008007977200076235
2024-10-24,2591.69,2600.26,2578.8,2581.03,343098218,9733937488291,2104042768297716,-0.0071510451527529995,0.008003997887763513
2024-10-25,2597.44,2611.27,2577.0,2583.27,462898403,10286877485946,2105651493083676,0.0008678705787998897,0.007733054108424949
2024-10-28,2588.45,2612.96,2587.2,2612.43,333735957,9133006346665,2129841276048609,0.011288018674006084,0.007927307212960637
2024-10-29,2606.94,2617.8,2595.86,2617.8,363290058,9341171256858,2134424479869187,0.002055557469482494,0.007693361211859801
2024-10-30,2606.99,2613.47,2586.88,2593.79,487359045,9067046289191,2114675137976877,-0.009171823668729595,0.007848363219036245
2024-10-31,2575.24,2579.65,2552.36,2556.15,406613036,10980673439062,2083807734485505,-0.014511583435821707,0.008360701211219785
2024-11-01,2542.96,2559.3,2536.84,2542.36,319848769,7944318405637,2072677282762738,-0.005394832071670241,0.008444756781818878
2024-11-04,2549.04,2588.97,2542.68,2588.97,373943470,8064748773264,2110215065385317,0.018333359555688267,0.009403813267787949
2024-11-05,2570.24,2586.73,2564.66,2576.88,310875315,7716007774972,2100113789116178,-0.004669810774168726,0.008728495890205018
2024-11-06,2591.9,2592.75,2544.04,2563.51,548506117,11791887929674,2089044036625021,-0.005188444941169101,0.0086994077663713
2024-11-07,2557.23,2579.81,2540.48,2564.63,465146173,10809704016429,2089840468646244,0.00043690096781356935,0.008684509638769655
2024-11-08,2586.7,2593.15,2553.42,2561.15,448734499,9921212340072,2087229089933475,-0.0013569208813747347,0.0086858977805239
2024-11-11,2562.05,2562.05,2525.56,2531.66,572196827,11290168186878,2062998743903726,-0.011514358784139977,0.008617202742844917
2024-11-12,2527.94,2532.44,2481.53,2482.57,735812780,12848018036593,2022644867370757,-0.019390439474494925,0.00935779441362792
2024-11-13,2468.27,2478.87,2415.77,2417.08,619176261,11208360429193,1970663209161735,-0.026379920807872548,0.010674659695510772
2024-11-14,2430.26,2441.43,2410.93,2418.86,639989952,13017388247182,1972611776340117,0.0007364257699373766,0.010696725980911393
2024-11-15,2413.05,2433.18,2390.56,2416.86,623327161,12365758546178,1973513509553940,-0.0008268357821452632,0.01070225595109845
2024-11-18,2440.31,2480.01,2437.53,2469.07,443925881,10621301146512,2017377526672606,0.021602409738255446,0.01198655828461429
2024-11-19,2469.13,2479.39,2465.15,2471.95,410856127,9085861075487,2019146278738576,0.0011664310853882753,0.011749545048961038
2024-11-20,2475.76,2489.15,2471.79,2482.29,408789732,7820084740597,2033134230437159,0.004182932502680092,0.011435628724356045
2024-11-21,2474.62,2496.97,2474.62,2480.63,451118534,8356409257842,2032824142509323,-0.0006687373352830539,0.011380971624016635
2024-11-22,2493.42,2511.23,2492.21,2501.24,543517791,8017171405214,2048900260074806,0.008308373276143532,0.011596473962990071
2024-11-25,2524.11,2541.76,2517.98,2534.34,564692445,13495227553966,2075112931767044,0.013233436215637218,0.011717339489689208
2024-11-26,2521.39,2526.62,2512.21,2520.36,441708781,8709923196814,2064372965736248,-0.005516229077392909,0.011720405054933011
2024-11-27,2518.82,2526.32,2498.32,2503.06,414339138,8586048743292,2049072449824867,-0.006864098779539529,0.011655495902779152
2024-11-28,2499.69,2513.63,2495.64,2504.67,342571105,7572752629681,2050357986144085,0.0006432127076458904,0.011265828566082386
2024-11-29,2496.93,2496.93,2446.96,2455.91,384278001,9106481521439,2011421418734674,-0.01946763445883104,0.011974807121785077
2024-12-02,2479.02,2483.29,2448.45,2454.48,328109545,7591739683478,2009713877727404,-0.0005822688942184184,0.01102165626690675
2024-12-03,2472.06,2500.67,2471.55,2500.1,324137730,9145172832624,2046261046449732,0.018586421563834277,0.011977759533951709
2024-12-04,2450.76,2483.04,2442.46,2464.0,670284268,13296925007005,2016934529725719,-0.014439422423103032,0.012304188332611614
2024-12-05,2471.45,2471.45,2434.78,2441.85,519351593,9720715707167,1999305298106164,-0.008989448051948123,0.012389979674870074
2024-12-06,2451.6,2459.24,2397.73,2428.16,630408602,10726880321289,1988510021328156,-0.005606404979830892,0.01240799261546921
2024-12-09,2392.37,2399.52,2360.18,2360.58,591644435,10004534867179,1933161934819931,-0.027831773853452813,0.01351299567442926
2024-12-10,2384.51,2419.06,2384.51,2417.84,598770280,9303804224973,1979769346742696,0.024256750459632936,0.014297257521993807
2024-12-11,2412.15,2443.34,2411.38,2442.51,617716470,7745860519277,1999754741961752,0.010203321973331514,0.013208012177659767
2024-12-12,2456.63,2487.95,2448.76,2482.12,664187237,12259144225557,2032250619015376,0.01621692439334943,0.013661839214018399
2024-12-13,2473.75,2500.32,2470.24,2494.46,577737398,8849455236945,2042115883546408,0.004971556572607394,0.013674053382910065
2024-12-16,2511.08,2515.62,2483.43,2488.97,526708153,8466421567755,2037825063390027,-0.0022008771437506125,0.012859527666257635
2024-12-17,2487.31,2487.31,2455.05,2456.81,559039721,9284835596090,2010343832541547,-0.012921007485023894,0.01320123215043688
2024-12-18,2463.06,2492.0,2462.82,2484.43,441677820,8338565732727,2033135712509950,0.01124222060313973,0.013417865289021851
2024-12-19,2426.55,2450.05,2423.59,2435.93,504467068,8443749654047,1993417137823853,-0.019521580402748318,0.014120663829607662
2024-12-20,2429.63,2430.69,2389.86,2404.15,617782376,9347347558007,1967064816798788,-0.013046351906663922,0.014201713131020536
2024-12-23,2423.36,2446.97,2413.62,2442.01,428166806,7375539570358,1998047401443676,0.015747769481937457,0.014352881667822713
2024-12-24,2450.55,2452.85,2432.42,2440.52,386777917,6740790173171,1997825853682133,-0.0006101531115761949,0.014327134110427157
2024-12-26,2449.52,2449.52,2428.82,2429.67,322800054,6410407187557,1989005161072953,-0.004445773851474266,0.014289730854838402
2024-12-27,2419.46,2423.86,2388.33,2404.77,311291279,6339606976315,1966956732701405,-0.010248305325414653,0.014415163947608655
2024-12-30,2397.49,2429.75,2390.44,2399.49,303963509,5315451121758,1963328801432073,-0.0021956361731060303,0.013814326140933931
2025-01-02,2400.87,2410.99,2386.84,2398.94,350691927,6958648750080,1963454272081159,-0.00022921537493370003,0.01381520868327186
2025-01-03,2402.58,2454.67,2402.58,2441.92,407536387,8230070287923,1998126924797077,0.017916246342134512,0.013765790422093901
2025-01-06,2453.3,2489.1,2446.82,2488.64,302760981,8142307849602,2036394312458755,0.01913248591272443,0.014094791555366006
2025-01-07,2513.49,2521.86,2492.09,2492.1,407692929,9405964049041,2038522932687508,0.001390317603188862,0.013913350729231107
2025-01-08,2481.25,2526.77,2481.25,2521.05,362908922,10391057773317,2062626681696110,0.011616708799807585,0.014008379000623844
2025-01-09,2526.1,2535.87,2515.82,2521.9,404290371,11524453907612,2063837692886240,0.0003371611035083433,0.012146435607632169
2025-01-10,2528.42,2535.24,2506.29,2515.78,377586658,9691007647524,2058638841592924,-0.002426741742337035,0.011157944265951082
2025-01-13,2508.15,2513.93,2483.73,2489.56,578565446,9049053425756,2036397074805700,-0.010422214979052269,0.011316399922176585
2025-01-14,2501.49,2504.89,2482.74,2497.4,414487640,8199244671041,2042488521677972,0.003149150853966276,0.010755854252634542
2025-01-15,2511.07,2524.36,2493.1,2496.81,538534310,9176243659173,2041769170734816,-0.00023624569552338492,0.01070128184904926
2025-01-16,2528.27,2534.01,2519.86,2527.49,451062578,9432261340912,2065809157709104,0.012287679078504032,0.011022800048485432
2025-01-17,2520.85,2528.48,2513.84,2523.55,445884915,10011839897387,2062320503702578,-0.0015588587887586103,0.010560095379151459
2025-01-20,2533.68,2536.72,2516.28,2520.05,437546001,8663518721587,2059663885223968,-0.0013869350716252393,0.010314951735604115
2025-01-21,2533.23,2548.44,2507.95,2518.03,572011300,9323573978039,2058259490075974,-0.0008015713973928973,0.009162416783284383
2025-01-22,2535.8,2552.57,2526.89,2547.06,583737394,11074514904158,2081713985266173,0.011528853905632408,0.0087180306143472
2025-01-23,2541.24,2541.6,2515.49,2515.49,609742131,9907820760947,2056088891657315,-0.012394682496682519,0.008810497118327886
2025-01-24,2529.29,2542.83,2522.64,2536.8,602014660,10179284029760,2073049460254918,0.008471510520813297,0.008928170627519988
2025-01-31,2534.33,2537.98,2496.95,2517.37,454403356,13759431159982,2057132279189022,-0.007659255755282368,0.009077454561795607
2025-02-03,2468.74,2468.74,2437.61,2453.95,522848036,11649962821524,2005228762346525,-0.025192959318654062,0.010608583125452877
2025-02-04,2481.44,2508.35,2471.63,2481.69,479377343,11000937680837,2028588344752300,0.011304223802441005,0.010817533286018468
2025-02-05,2503.94,2514.71,2498.74,2509.27,437344153,9949594557748,2056473640972619,0.011113394501327756,0.011004502367465153
2025-02-06,2521.82,2536.75,2515.34,2536.75,479697230,11863047995673,2078576667689643,0.010951392237583013,0.010586867606381193
2025-02-07,2532.09,2537.63,2519.01,2521.92,419872051,10240140504999,2066649815662131,-0.005846062875726754,0.009905888796617442
2025-02-10,2510.64,2527.33,2499.18,2521.27,393563727,10582465784194,2067049975510715,-0.0002577401345007502,0.00990679725759115
2025-02-11,2532.87,2549.44,2527.74,2539.05,451092989,11023156462010,2081311465922200,0.007052001570637012,0.009690554069604418
2025-02-12,2534.71,2549.58,2528.74,2548.39,464894178,13668983788526,2088883959979358,0.0036785411866642193,0.009718166724025118
2025-02-13,2558.95,2583.74,2555.98,2583.17,680341736,17104156094956,2116865565381814,0.013647832553102202,0.010114130165793316
2025-02-14,2588.2,2600.57,2582.84,2591.05,499364641,13917625961701,2123295637182044,0.0030505154519446798,0.009728610086316373
2025-02-17,2595.99,2612.8,2592.57,2610.42,366339998,11017333473620,2138576064568082,0.007475733775882398,0.009802278588507279
2025-02-18,2613.25,2628.47,2605.15,2626.81,421993118,12618242477587,2152414939585229,0.006278683123788431,0.009823139095683853
2025-02-19,2633.91,2680.7,2633.91,2671.52,525798791,14851621874895,2190321476628339,0.017020644812529184,0.010121610453565471
2025-02-20,2661.72,2667.59,2645.53,2654.06,529303324,14551190986281,2176898820918304,-0.006535605198538685,0.010294722626538919
2025-02-21,2653.76,2656.04,2638.44,2654.58,444704240,11381060470064,2176175331210928,0.0001959262413058216,0.010268713315993076
2025-02-24,2636.12,2645.27,2626.88,2645.27,536354114,10802085081805,2167788263381009,-0.003507146139879014,0.01033424583839511
2025-02-25,2617.64,2641.49,2617.12,2630.29,410284831,10508475591510,2155255658945223,-0.005662937998767603,0.01026008526426732
2025-02-26,2629.86,2648.06,2620.16,2641.09,386762622,11218719900855,2163540431082131,0.0041060111242487984,0.00971970124527229
2025-02-27,2637.63,2638.47,2610.47,2621.75,513909805,10802121046832,2147708334692199,-0.00732273417414786,0.00984841832637365
2025-02-28,2585.61,2586.78,2531.24,2532.78,588571521,15637224696362,2074378682303205,-0.03393534852674729,0.012545304089676825
2025-03-04,2522.2,2548.78,2513.31,2528.92,484081351,13115384134880,2071277908689397,-0.0015240170879429193,0.011030847960800595
2025-03-05,2548.45,2561.47,2535.18,2558.13,569412248,13021641663686,2094580712219600,0.011550385144646791,0.011042419036274164
2025-03-06,2573.55,2583.65,2565.57,2576.16,609615704,11319665264837,2105642393608409,0.007048117179345725,0.010894047248252325
2025-03-07,2553.44,2575.48,2541.49,2563.48,567191412,12155164964202,2095892197484635,-0.0049220545307744334,0.010736596285452798
2025-03-10,2555.4,2579.76,2549.99,2570.39,435694828,9881353741270,2101439969373815,0.0026955544806277487,0.010636968123399326
2025-03-11,2516.69,2547.88,2505.91,2537.6,399016248,10917540670799,2074862207732268,-0.012756819004119957,0.011073389102084767
2025-03-12,2552.6,2579.69,2541.66,2574.82,401644557,12284769101722,2105091420669291,0.014667402269861407,0.011439700431074142
2025-03-13,2598.06,2600.07,2561.02,2573.64,427292042,13112911085717,2103969035866234,-0.00045828446260332,0.011421583863704654
2025-03-14,2565.18,2576.74,2559.24,2566.36,362329393,9941799575184,2100287748455670,-0.0028286784476460047,0.011014516176733031
2025-03-17,2588.32,2610.69,2587.52,2610.69,396573940,11995073046698,2137307329817924,0.017273492417275715,0.011679165299476484
2025-03-18,2627.27,2638.56,2606.91,2612.34,555526574,12034578631086,2138918441303969,0.0006320168231388479,0.011561935171624769
2025-03-19,2613.48,2642.83,2613.48,2628.62,653326938,11841495256564,2153080834445234,0.006231960617683718,0.011560625844285514
2025-03-20,2648.16,2650.72,2629.2,2637.1,455019267,11989258245357,2160968151053248,0.0032260273451469867,0.010889923590150874
2025-03-21,2633.9,2645.82,2617.78,2643.13,497529180,14188127737060,2166240031337451,0.0022866027075196804,0.010814889633699342
2025-03-24,2636.43,2648.82,2629.38,2632.07,372431632,6924064394711,2156710253624274,-0.004184432850446229,0.010851802039245637
2025-03-25,2653.04,2654.63,2612.74,2615.81,439279423,8305059590006,2143539656810207,-0.0061776472510229885,0.010908724372641192
2025-03-26,2628.09,2649.15,2618.05,2643.94,507916080,7655330119639,2166757904270967,0.010753839154984624,0.011115691712538449
2025-03-27,2620.28,2633.03,2603.41,2607.15,403313562,7676249317680,2137689097655124,-0.013914839217228803,0.011515671437441097
2025-03-28,2592.63,2592.63,2549.26,2557.98,513561475,7150421589957,2097055968124136,-0.0188596743570566,0.01214292401663871
2025-03-31,2513.44,2514.22,2479.46,2481.12,391592782,8236353358064,2033508107511968,-0.030047146576595685,0.011609995533983904
2025-04-01,2511.24,2530.61,2494.43,2521.39,453393641,6939450184454,2066091544186739,0.016230573289482075,0.012227399016341123
2025-04-02,2525.62,2532.15,2499.83,2505.86,515599740,7316124788243,2053517297572435,-0.006159301020468799,0.011979739484223963
2025-04-03,2437.43,2488.92,2437.43,2486.7,480057159,8267470857840,2037334829405671,-0.007646077594119505,0.011912960052988286
2025-04-04,2450.49,2506.71,2438.02,2465.42,695074881,10742833732479,2019896586676231,-0.008557526038524887,0.011992217604372746
2025-04-07,2359.25,2369.4,2327.01,2328.2,619500714,10505492820465,1907591512851795,-0.055657859512780905,0.016910538447683744
2025-04-08,2381.2,2381.31,2328.94,2334.23,557018146,9122473931623,1912870141561465,0.0025899836783782604,0.016878516820927815
2025-04-09,2329.99,2337.58,2284.72,2293.7,699641582,9560332636518,1880172676575802,-0.017363327521281224,0.01652699552479917
2025-04-10,2395.13,2445.06,2391.39,2445.06,670388052,11055426187398,2002786361478506,0.06598944936129403,0.023023700818165738
2025-04-11,2400.74,2433.18,2394.25,2432.72,369702818,7687103441531,1991847800076662,-0.00504691091425169,0.023031676906828755
2025-04-14,2454.28,2465.56,2449.48,2455.89,488618364,6687793560550,2011102252591424,0.009524318458351111,0.022746352719431057
2025-04-15,2464.51,2482.56,2461.23,2477.41,560339502,6510808882534,2027996669924309,0.008762607445773174,0.022883304003937736
2025-04-16,2472.78,2475.83,2442.72,2447.43,613173904,6725688052971,2004854313353399,-0.012101347778526783,0.02288648279979819
2025-04-17,2451.7,2473.24,2447.4,2470.41,601738661,6606299171146,2023188315630385,0.009389441168899726,0.023020336183103167
2025-04-18,2473.3,2486.37,2466.9,2483.42,450985117,5649647492055,2033957406882575,0.0052663323092119185,0.023066013073299075
2025-04-21,2486.38,2498.84,2479.23,2488.42,428977098,5239732779307,2038270654755274,0.0020133525541390362,0.023088911618328687
2025-04-22,2481.18,2494.59,2476.14,2486.64,416680149,6182470913439,2036867826267906,-0.0007153133313508864,0.02307605249303486
2025-04-23,2520.56,2526.72,2507.1,2525.56,538116134,7764179609542,2068411537802202,0.015651642376862007,0.023246978769208594
2025-04-24,2525.34,2530.61,2507.21,2522.33,327935351,7272322115520,2066148877318083,-0.0012789242781798826,0.023078145324651873
2025-04-25,2544.59,2553.33,2534.94,2546.3,403527737,8760600168638,2085721220951885,0.009503118148695977,0.022818822967400534
2025-04-28,2551.23,2558.69,2541.97,2548.86,454102177,7803354897543,2087208356086974,0.0010053803558103258,0.021694243679068546
2025-04-29,2550.25,2571.41,2542.25,2565.42,547081468,9215174352275,2100881633409069,0.006497022198159064,0.021455915178226672
2025-04-30,2561.04,2570.83,2544.46,2556.61,487488833,8435602446234,2094129065499498,-0.0034341355411589003,0.02141611572008239
2025-05-02,2556.52,2567.04,2540.57,2559.79,585492284,8327449263431,2095822345518174,0.0012438346091112606,0.021314437592529586
2025-05-07,2577.04,2581.85,2559.17,2573.8,546755132,8935449197459,2106864657755093,0.005473105215662244,0.021190843241978456
2025-05-08,2581.27,2590.9,2575.78,2579.48,471635814,10270131237563,2111359746379270,0.002206853679384446,0.016218691848729663
2025-05-09,2587.93,2589.58,2571.2,2577.27,485550305,8034852607528,2110382907460644,-0.0008567618279653466,0.016266784076731537
2025-05-12,2593.94,2607.33,2585.6,2607.33,409749435,8527539580051,2135960504101417,0.011663504405824643,0.015431840233278666
2025-05-13,2601.76,2620.64,2601.58,2608.42,422459803,8746089121686,2139365845830776,0.0004180521836514295,0.006540031347028755
2025-05-14,2625.36,2646.01,2619.15,2640.57,390503815,8893191507759,2165384001366960,0.01232546905789711,0.006532437008502336
2025-05-15,2634.5,2643.83,2618.08,2621.36,339578793,7254024641690,2150748687253873,-0.0072749444248779715,0.006873189505771123
2025-05-16,2630.64,2633.98,2619.1,2626.87,359706542,8025031996677,2154435500387806,0.002101962340159247,0.006754296701458347
2025-05-19,2613.7,2619.43,2593.44,2603.42,313296021,6752438008652,2134853767220355,-0.008926973927145143,0.006410413264744484
2025-05-20,2622.68,2622.91,2598.1,2601.8,456989355,7661430134210,2133507447170795,-0.000622258413932375,0.006284204646946083
2025-05-21,2615.9,2633.41,2614.73,2625.58,371527419,7441128800151,2151605513502848,0.009139826274117802,0.006428318519958801
2025-05-22,2614.66,2616.53,2588.09,2593.67,358064259,8965468020130,2126011918881695,-0.012153505130295006,0.007248540247231953
2025-05-23,2603.57,2604.14,2589.51,2592.09,434024136,8659673623776,2124299597613703,-0.0006091754155308493,0.007246410393967973
2025-05-26,2598.45,2644.4,2595.96,2644.4,380173138,8342809610327,2166285731881608,0.020180626444297856,0.007745634294413963
2025-05-27,2630.29,2642.63,2625.66,2637.22,318285651,7908808324037,2160239944298804,-0.0027151716835578377,0.007787401237126563
2025-05-28,2648.86,2692.47,2643.5,2670.15,405473857,11238813826664,2188074979266972,0.012486633652103452,0.007960147924895048
2025-05-29,2691.06,2720.64,2686.64,2720.64,448340888,10895570257616,2229208577577636,0.018909050053367737,0.008760631028585745
2025-05-30,2713.24,2717.54,2689.87,2697.67,525661026,14803606217765,2210646190920267,-0.008442866384380077,0.009104127498746069
2025-06-02,2692.91,2719.87,2685.14,2698.97,323603809,8062944006492,2211661469940351,0.00048189734103853965,0.00901015134321198
2025-06-04,2737.92,2771.03,2734.02,2770.84,489937474,12106350015702,2270569997770892,0.026628676865619205,0.010458194631170443
2025-06-05,2790.33,2831.11,2787.76,2812.05,556013446,13293000248477,2302942060259452,0.014872746170836226,0.010734456636451931
2025-06-09,2841.56,2867.27,2841.39,2855.77,537617180,14030330524110,2337790728639509,0.015547376469123853,0.010996360086783926
2025-06-10,2872.62,2885.67,2849.67,2871.85,508184663,14289817957640,2350164580015300,0.005630705554018789,0.010904910248674826
2025-06-11,2887.32,2908.16,2879.92,2907.04,393929540,12475002592550,2378921384948741,0.012253425492278591,0.010923292334306386
2025-06-12,2909.99,2934.31,2909.99,2920.03,713705710,17344655814990,2389048717129180,0.004468462766250347,0.010861258502437151
2025-06-13,2930.57,2932.38,2877.07,2894.62,931657602,17462763974297,2369323120142404,-0.00870196539076662,0.01120003947795366
2025-06-16,2903.5,2947.07,2886.13,2946.66,726351750,14401114308029,2410638877644740,0.017978180210183048,0.011206868454222337
2025-06-17,2959.93,2998.62,2925.79,2950.3,939594106,17915934818024,2414138075097102,0.001235296912436512,0.0112240927810421
2025-06-18,2933.63,2979.32,2933.63,2972.19,576548034,14668323378767,2432540489952913,0.007419584449039007,0.010670473920826986
2025-06-19,2989.56,2996.04,2954.47,2977.74,433310535,13786565754695,2436368787253298,0.001867309963360153,0.010594819706943535
2025-06-20,2986.52,3022.06,2972.37,3021.84,484864681,17974844407806,2471814406598870,0.014809889379193697,0.010734988100712942
2025-06-23,2992.2,3019.81,2971.36,3014.47,625650915,17879769854238,2465283335804106,-0.0024389113917349103,0.010013125985199203
2025-06-24,3061.14,3105.04,3061.14,3103.64,579200567,19107339943731,2538235150827130,0.029580655969374314,0.010943865951786065
2025-06-25,3127.79,3129.09,3084.86,3108.25,644761399,19662628183278,2543092930441839,0.0014853526826565933,0.010744445856952915
2025-06-26,3108.34,3113.03,3036.55,3079.56,460611798,17030574191361,2519593951599544,-0.009230274270087713,0.01118163678029591
2025-06-27,3077.87,3093.56,3041.85,3055.94,381633939,13970283384996,2500663765269373,-0.007669926872670096,0.011639963826503983
2025-06-30,3072.75,3086.0,3063.42,3071.7,464162919,13333814294163,2512091649124343,0.0051571693161514,0.01129005625017371
2025-07-01,3089.64,3133.52,3088.45,3089.65,576016844,15184804010768,2527488234089640,0.005843669629195691,0.01075779984488726
2025-07-02,3083.82,3090.61,3032.47,3075.06,696798456,14829869598196,2516192194451781,-0.004722217726927047,0.01098084068493994
2025-07-03,3100.33,3116.27,3085.98,3116.27,539120202,14883213548329,2551106276337041,0.013401364526220538,0.010071797694927843
2025-07-04,3122.28,3123.84,3052.91,3054.28,520763440,13571164280163,2501091815119605,-0.01989237132854338,0.01136575133482262
2025-07-07,3044.78,3068.43,3032.99,3059.47,359404588,10204542570975,2504046206230287,0.0016992548161922638,0.011055742865190493
2025-07-08,3071.74,3115.86,3066.03,3114.95,745793067,13491404979089,2548966093022255,0.018133859786172213,0.011525565827122513
2025-07-09,3123.22,3137.17,3111.02,3133.74,642960883,12654909764711,2563422971103981,0.006032199553764883,0.011377901551419442
2025-07-10,3144.14,3183.23,3133.81,3183.23,596571574,14124821031009,2603739245288003,0.01579263116914631,0.011689229655171766
2025-07-11,3186.35,3216.69,3170.46,3175.77,465292057,13342066116082,2598982928438423,-0.0023435315701347825,0.011397265030611833
2025-07-14,3175.59,3202.06,3170.72,3202.03,444035800,11565586285784,2620057063000663,0.008268860780220377,0.011002161620447615
2025-07-15,3194.82,3216.01,3183.83,3215.28,419651712,12238772420133,2631087507465974,0.004137999956277838,0.010979818722062563
2025-07-16,3207.48,3209.2,3178.42,3186.38,531498719,11328776416006,2608342484105158,-0.00898833072080818,0.011346563064201455
2025-07-17,3201.42,3201.42,3152.42,3192.29,424787619,15365406027980,2613900035981381,0.001854769362097386,0.011346661073526616
2025-07-18,3200.44,3204.75,3169.69,3188.07,393449261,11939229667870,2610008447251791,-0.0013219350372302152,0.01107387800985526
2025-07-21,3191.11,3211.14,3188.87,3210.81,343910781,10662279408140,2632829588919004,0.007132842127054895,0.011045119408190824
2025-07-22,3210.12,3220.27,3155.25,3169.94,378485911,11604659217066,2599056209995773,-0.012728875268234408,0.009699900439446062
2025-07-23,3189.65,3199.86,3141.93,3183.77,664826146,12201364684336,2610788646131533,0.004362858603002007,0.009727186040830308
2025-07-24,3209.43,3237.97,3183.05,3190.45,425499879,12993187344837,2615776094044113,0.0020981415114784685,0.00940968697529122
2025-07-25,3184.37,3205.82,3184.37,3196.05,389290718,9822238040874,2621558325609622,0.0017552382892696006,0.00914200433040722
2025-07-28,3228.61,3228.61,3180.18,3209.52,502719579,13872945078805,2634028944917939,0.004214577368939709,0.009128831192774007
2025-07-29,3192.17,3232.31,3169.03,3230.57,373203172,12769212511711,2651327886580283,0.006558613125950297,0.00914508490362502
2025-07-30,3233.31,3269.4,3227.28,3254.47,338073688,12968500091756,2671786675912336,0.0073980752622602175,0.009058361244020608
2025-07-31,3275.78,3288.26,3227.46,3245.44,540323825,16455571940540,2662743380814128,-0.002774645333955994,0.008787438376689185
2025-08-01,3210.32,3210.32,3117.92,3119.41,507776245,15281248640166,2563576815036689,-0.03883294715046348,0.011787397265409245
2025-08-04,3114.27,3157.45,3105.63,3147.75,293453733,9724691307255,2587242951270715,0.009085051339836836,0.011921352544624838
2025-08-05,3187.15,3212.31,3174.23,3198.0,273439606,10950201163619,2627767157184861,0.015963783654991737,0.011770835636760268
2025-08-06,3182.06,3200.15,3176.61,3198.14,327358365,11128301636396,2627785497278353,4.377736085059425e-05,0.01172241999652129
2025-08-07,3214.81,3227.68,3200.28,3227.68,327047544,11201368337831,2652059094215135,0.009236618784668638,0.011376008415136835
2025-08-08,3220.58,3227.28,3198.31,3210.01,341443229,11401116948366,2640295716796715,-0.0054745203985524515,0.011442258267108775
2025-08-11,3220.72,3223.23,3199.9,3206.77,304968427,10338941285390,2637340169715307,-0.0010093426500229485,0.011302177700475481
2025-08-12,3209.75,3242.17,3189.58,3189.91,373217178,10165450116361,2623723769032037,-0.005257626833230944,0.01132230858015569
2025-08-13,3225.4,3226.37,3192.17,3224.37,320069786,10352059537799,2652083637181810,0.010802812618537772,0.011390792957197879
2025-08-14,3226.52,3239.55,3210.83,3225.66,441467896,10002172706811,2652623803641114,0.00040007815480236353,0.011387375070818809
2025-08-18,3202.63,3206.77,3177.28,3177.28,326132755,8941932487220,2612867377572908,-0.014998480931034175,0.011906577417290967
2025-08-19,3185.04,3185.48,3142.48,3151.56,285290653,8624169781604,2592063275359109,-0.008094974317655379,0.011906521693407794
2025-08-20,3121.52,3132.83,3079.27,3130.09,335285191,11773562869622,2574971562273452,-0.006812499206741984,0.011667278644247976
2025-08-21,3140.71,3166.54,3134.86,3141.74,276915481,10893275255572,2584834308775292,0.0037219377078612226,0.011653898521546142
2025-08-22,3165.41,3181.95,3159.45,3168.73,236797098,8337524064582,2606520880531289,0.008590780904848883,0.011822193814041697
2025-08-25,3195.14,3209.86,3180.12,3209.86,220165003,8091673150742,2639930147123357,0.012979963581624121,0.012184492363786766
2025-08-26,3199.92,3199.92,3175.31,3179.36,325353201,12954910480221,2614613563218803,-0.009501972048625129,0.01233686723320146
2025-08-27,3185.87,3189.31,3165.77,3187.16,281721035,8851872014319,2621003592123119,0.0024533239394091133,0.012248854106665057
2025-08-28,3175.33,3211.34,3164.08,3196.32,312188158,9875760133000,2627849618885572,0.0028740320536151387,0.012134539431932271
2025-08-29,3208.8,3212.69,3184.48,3186.01,245132452,8969307869056,2619011116578555,-0.0032255844220854257,0.012138760646381594
2025-09-01,3164.58,3177.4,3135.02,3142.93,260138455,8003230744765,2583440143168908,-0.013521614809746452,0.008842523655850133
2025-09-02,3155.73,3174.16,3151.93,3172.35,310678131,8676467905841,2608214267274218,0.009360692093046907,0.008856954777709043
2025-09-03,3177.75,3187.48,3167.23,3184.42,335816449,8811868562778,2618478732744148,0.00380475042161188,0.008121064358435829
2025-09-04,3188.84,3205.61,3185.49,3200.83,286255881,7977947156742,2631602507638663,0.00515321471413932,0.008208416906474133
2025-09-05,3208.83,3214.64,3196.19,3205.12,323844686,10942042116464,2636841421046516,0.0013402773655581957,0.007929682989921824
2025-09-08,3209.81,3221.14,3206.34,3219.59,372299882,8217818415298,2648880278485327,0.004514651557508076,0.007902524271950375
2025-09-09,3231.31,3260.05,3221.98,3260.05,439945501,10628640888119,2682471396020302,0.012566817514031214,0.00836466799106962
2025-09-10,3272.2,3317.77,3272.07,3314.53,564706848,13703544856383,2726778752216321,0.016711400131899756,0.008941929419143265
2025-09-11,3336.6,3344.7,3311.86,3344.2,435588829,14947009019240,2750487884332290,0.008951495385469244,0.00885468461697269
2025-09-12,3374.65,3395.54,3362.86,3395.54,448857492,13932277217565,2792432470702270,0.015351952634411914,0.009342389906654655
2025-09-15,3407.78,3420.23,3391.33,3407.31,378854245,12792738454649,2802795681701775,0.003466311691218582,0.008372620610849639
2025-09-16,3421.13,3452.5,3418.1,3449.62,406214278,14058944540679,2838180010916733,0.012417420193642448,0.008125815808199252
2025-09-17,3433.83,3433.83,3406.75,3413.4,326609906,11611597358894,2808274005979516,-0.010499707214127851,0.008433420545529239
2025-09-18,3432.77,3461.3,3422.77,3461.3,391177053,12409116590064,2848188126349412,0.014032929044354603,0.00870224374261735
2025-09-19,3461.23,3467.89,3434.61,3445.24,348844702,15111282864331,2834490035669669,-0.004639875191402187,0.00890668013176065
2025-09-22,3463.84,3482.25,3458.87,3468.65,287867235,11996187013111,2855488314793656,0.006794882214301579,0.008691642010383452
2025-09-23,3489.46,3494.49,3467.83,3486.19,358335419,12152383322121,2869842571401625,0.005056722355959886,0.008097710342666617
2025-09-24,3492.03,3497.95,3442.41,3472.14,287145415,11806998240931,2858429845707367,-0.004030187683402242,0.008317010274545336
2025-09-25,3458.98,3479.42,3454.08,3471.11,293074983,12640781197188,2857634253445223,-0.00029664702460141523,0.008376112757924246
2025-09-26,3440.39,3441.91,3365.73,3386.05,399149806,12606212195076,2787520691990662,-0.024505129483076038,0.01045733622398909
2025-09-29,3414.43,3439.12,3413.33,3431.21,416480046,10008858561135,2824950733618843,0.013337074171970276,0.009921084286987927
2025-09-30,3436.0,3443.38,3421.89,3424.6,526401520,11157443411281,2817769969229231,-0.0019264341150789788,0.009947703181136877
2025-10-01,3444.06,3459.74,3440.42,3455.83,493641155,12344643388616,2845543746980053,0.009119313204461799,0.010016330520441704
2025-10-02,3525.48,3565.96,3512.16,3549.21,402107231,19456116765360,2922226398313787,0.027021005084162164,0.011249701101035844
2025-10-10,3598.11,3617.86,3569.44,3610.6,407410846,19600845152565,2974646441764439,0.017296806895055417,0.011521177373194127
2025-10-13,3550.08,3584.55,3522.54,3584.55,408033131,14270855613049,2952828804530513,-0.007214867335068931,0.011895220923603603
2025-10-14,3604.12,3646.77,3535.52,3561.81,734084905,18926398057017,2933878249069508,-0.006343892538812512,0.012050369580528256
2025-10-15,3580.64,3659.91,3577.06,3657.28,543606716,13879932193738,3011908107364069,0.026803787961738657,0.01277778310725799
2025-10-16,3675.82,3748.37,3675.82,3748.37,495790790,17664818382797,3086315775634677,0.024906487881704242,0.013513698836007256
2025-10-17,3732.76,3794.87,3722.07,3748.89,420769792,17268693077595,3086895728948205,0.00013872696665484519,0.013375634276542106
2025-10-20,3775.4,3814.69,3728.38,3814.69,410146751,14190573342156,3141020446206737,0.017551862017823883,0.013655930932536569
2025-10-21,3851.01,3893.06,3816.19,3823.84,526854280,19373490542844,3150160277294047,0.0023986221685117215,0.013582076587626979
2025-10-22,3827.23,3883.68,3794.52,3883.68,597215988,15451168656133,3197177009086480,0.015649190342692076,0.013240450493356594
2025-10-23,3835.79,3902.21,3822.33,3845.56,423588471,16255705645739,3164799754839550,-0.009815432785399425,0.013600765507690817
2025-10-24,3893.23,3951.07,3886.64,3941.59,426896560,17800793870343,3242987677820676,0.024971655623628353,0.014058357577485357
2025-10-27,3999.79,4042.83,3999.79,4042.83,516998547,20122806110920,3325893588152838,0.025685066178877003,0.014675774844737978
2025-10-28,4010.47,4018.22,3972.56,4010.41,408224732,19719872621077,3298578950794474,-0.008019135110801101,0.015089387870063488
2025-10-29,4061.54,4084.09,4014.84,4081.15,466898421,22033182304082,3357610183598751,0.017639094257195786,0.015023208699951334
2025-10-30,4105.95,4146.72,4070.79,4086.89,566538268,24198286552685,3364689797640767,0.0014064663146415857,0.014977150338248748
2025-10-31,4083.25,4122.09,4059.74,4107.5,408275232,22950424588062,3383447874399935,0.00504295442255609,0.0128809665855012
